{
  "project_info": {
    "project_number": "552916716275",
    "firebase_url": "https://muapp-57e8c.firebaseio.com",
    "project_id": "muapp-57e8c",
    "storage_bucket": "muapp-57e8c.appspot.com"
  },
  "client": [
    {
      "client_info": {
        "mobilesdk_app_id": "1:552916716275:android:b6fb2ecf1d480d1c",
        "android_client_info": {
          "package_name": "com.example.appmu"
        }
      },
      "oauth_client": [
        {
          "client_id": "552916716275-qmc0bi38c958d8q47umdabo74th2p5a9.apps.googleusercontent.com",
          "client_type": 3
        }
      ],
      "api_key": [
        {
          "current_key": "AIzaSyAbUfkAYoZIh58boCRgbd2FqT2KWXW8Aic"
        }
      ],
      "services": {
        "appinvite_service": {
          "other_platform_oauth_client": [
            {
              "client_id": "552916716275-qmc0bi38c958d8q47umdabo74th2p5a9.apps.googleusercontent.com",
              "client_type": 3
            }
          ]
        }
      }
    }
  ],
  "configuration_version": "1"
}